{
    "average_losses": {
        "original": -9.40698063563635e-08,
        "top_1_percent_deactivated_ko_MLP": -9.40698063563635e-08,
        "random_deactivated": -9.40698063563635e-08
    },
    "average_similarities": {
        "top_1_percent_vs_original_ko_MLP": [
            0.9999999910593033,
            1.0000000055631002,
            1.0000000017881394,
            0.9999999914566676,
            0.9999999912579854,
            0.999999998609225,
            0.9999999837080638,
            1.0000000005960465,
            0.9999999930461247,
            0.9999999938408534,
            1.0000000003973644,
            0.9999999839067459,
            1.0000000035762786,
            0.9999999950329462,
            0.9999999982118607,
            0.9999999964237213,
            1.0000000017881394,
            0.9999999864896139,
            0.9999999886751175,
            0.9999999916553497,
            1.0000000005960465,
            0.9999999958276748,
            0.9999999950329462,
            0.999999994635582,
            0.9999999966224035,
            0.9999999918540319,
            0.9999999924500783,
            0.9999999916553497,
            0.9999999988079071,
            0.9999999954303106,
            0.9999999878803889,
            0.9999999864896139,
            0.9999999833106995
        ],
        "random_vs_original_ko_MLP": [
            0.9999999910593033,
            1.0000000055631002,
            1.0000000017881394,
            0.9999999914566676,
            0.9999999912579854,
            0.999999998609225,
            0.9999999837080638,
            1.0000000005960465,
            0.9999999930461247,
            0.9999999938408534,
            1.0000000003973644,
            0.9999999839067459,
            1.0000000035762786,
            0.9999999950329462,
            0.9999999982118607,
            0.9999999964237213,
            1.0000000017881394,
            0.9999999864896139,
            0.9999999886751175,
            0.9999999916553497,
            1.0000000005960465,
            0.9999999958276748,
            0.9999999950329462,
            0.999999994635582,
            0.9999999966224035,
            0.9999999918540319,
            0.9999999924500783,
            0.9999999916553497,
            0.9999999988079071,
            0.9999999954303106,
            0.9999999878803889,
            0.9999999864896139,
            0.9999999833106995
        ]
    }
}