{
    "average_losses": {
        "original": 2.7097322404384614,
        "top_1_percent_deactivated_ko_K": 2.7097322404384614,
        "random_deactivated": 2.7097322404384614
    },
    "average_similarities": {
        "top_1_percent_vs_original_ko_K": [
            0.9999999910593033,
            0.9999999994039536,
            0.9999999992052714,
            0.9999999940395355,
            0.9999999936421712,
            0.9999999992052714,
            0.9999999896685282,
            0.9999999980131785,
            0.9999999970197677,
            0.9999999962250392,
            1.0000000043710073,
            0.9999999854962031,
            0.9999999948342642,
            0.9999999982118607,
            0.9999999964237213,
            0.9999999948342642,
            0.9999999984105428,
            0.9999999976158143,
            0.999999998609225,
            0.9999999904632568,
            0.9999999940395355,
            0.9999999864896139,
            0.9999999926487605,
            0.9999999914566676,
            0.9999999922513961,
            0.9999999930461247,
            0.9999999916553497,
            1.0,
            0.9999999942382177,
            0.9999999942382177,
            0.9999999922513961,
            0.9999999934434891,
            0.9999999934434891
        ],
        "random_vs_original_ko_K": [
            0.9999999910593033,
            0.9999999994039536,
            0.9999999992052714,
            0.9999999940395355,
            0.9999999936421712,
            0.9999999992052714,
            0.9999999896685282,
            0.9999999980131785,
            0.9999999970197677,
            0.9999999962250392,
            1.0000000043710073,
            0.9999999854962031,
            0.9999999948342642,
            0.9999999982118607,
            0.9999999964237213,
            0.9999999948342642,
            0.9999999984105428,
            0.9999999976158143,
            0.999999998609225,
            0.9999999904632568,
            0.9999999940395355,
            0.9999999864896139,
            0.9999999926487605,
            0.9999999914566676,
            0.9999999922513961,
            0.9999999930461247,
            0.9999999916553497,
            1.0,
            0.9999999942382177,
            0.9999999942382177,
            0.9999999922513961,
            0.9999999934434891,
            0.9999999934434891
        ]
    }
}