{
    "average_losses": {
        "original": 2.350288897752762,
        "top_1_percent_deactivated_ko_Q": 2.350288897752762,
        "random_deactivated": 2.350288897752762
    },
    "average_similarities": {
        "top_1_percent_vs_original_ko_Q": [
            0.9999999900658926,
            0.9999999882777532,
            0.9999999930461247,
            0.9999999902645746,
            0.9999999878803889,
            0.9999999882777532,
            0.9999999970197677,
            1.0000000007947285,
            0.9999999948342642,
            0.999999986688296,
            0.9999999890724818,
            0.9999999902645746,
            0.9999999964237213,
            0.9999999982118607,
            0.9999999914566676,
            0.9999999966224035,
            1.0000000011920929,
            0.9999999868869781,
            1.0000000109275182,
            0.9999999904632568,
            0.9999999847014746,
            1.0000000033775966,
            0.9999999968210856,
            0.9999999958276748,
            0.9999999948342642,
            1.0000000081459681,
            1.0000000007947285,
            0.999999994635582,
            0.9999999888737996,
            0.9999999996026357,
            1.0000000031789145,
            1.0000000033775966,
            0.9999999914566676,
            0.9999999994039536,
            1.0000000035762786,
            0.9999999926487605,
            1.0,
            0.9999999996026357,
            0.9999999936421712,
            0.999999989271164,
            0.9999999898672104,
            0.9999999926487605,
            0.9999999942382177
        ],
        "random_vs_original_ko_Q": [
            0.9999999900658926,
            0.9999999882777532,
            0.9999999930461247,
            0.9999999902645746,
            0.9999999878803889,
            0.9999999882777532,
            0.9999999970197677,
            1.0000000007947285,
            0.9999999948342642,
            0.999999986688296,
            0.9999999890724818,
            0.9999999902645746,
            0.9999999964237213,
            0.9999999982118607,
            0.9999999914566676,
            0.9999999966224035,
            1.0000000011920929,
            0.9999999868869781,
            1.0000000109275182,
            0.9999999904632568,
            0.9999999847014746,
            1.0000000033775966,
            0.9999999968210856,
            0.9999999958276748,
            0.9999999948342642,
            1.0000000081459681,
            1.0000000007947285,
            0.999999994635582,
            0.9999999888737996,
            0.9999999996026357,
            1.0000000031789145,
            1.0000000033775966,
            0.9999999914566676,
            0.9999999994039536,
            1.0000000035762786,
            0.9999999926487605,
            1.0,
            0.9999999996026357,
            0.9999999936421712,
            0.999999989271164,
            0.9999999898672104,
            0.9999999926487605,
            0.9999999942382177
        ]
    }
}