{
    "average_losses": {
        "original": -3.295991010864576,
        "top_1_percent_deactivated_ko_MLP": -3.295991010864576,
        "random_deactivated": -3.295991010864576
    },
    "average_similarities": {
        "top_1_percent_vs_original_ko_MLP": [
            0.9999999900658926,
            0.9999999934434891,
            0.9999999942382177,
            0.9999999934434891,
            0.9999999890724818,
            0.9999999890724818,
            0.9999999956289927,
            0.9999999938408534,
            0.9999999922513961,
            0.9999999958276748,
            1.0000000001986822,
            0.9999999908606211,
            1.0000000017881394,
            0.9999999940395355,
            0.9999999912579854,
            0.9999999888737996,
            0.9999999978144963,
            1.000000005364418,
            1.0000000051657358,
            1.0000000073512396,
            0.9999999984105428,
            1.0000000047683715,
            0.9999999972184499,
            0.9999999825159709,
            1.0000000152985256,
            0.9999999938408534,
            0.9999999984105428,
            0.9999999996026357,
            0.9999999978144963,
            0.9999999982118607,
            0.9999999952316284,
            0.9999999962250392,
            0.9999999940395355,
            0.9999999988079071,
            0.9999999932448069,
            0.9999999962250392,
            1.000000002582868,
            1.000000001390775,
            0.9999999827146531,
            1.0000000089406966,
            1.0000000029802323,
            0.999999994635582,
            1.0000000007947285
        ],
        "random_vs_original_ko_MLP": [
            0.9999999900658926,
            0.9999999934434891,
            0.9999999942382177,
            0.9999999934434891,
            0.9999999890724818,
            0.9999999890724818,
            0.9999999956289927,
            0.9999999938408534,
            0.9999999922513961,
            0.9999999958276748,
            1.0000000001986822,
            0.9999999908606211,
            1.0000000017881394,
            0.9999999940395355,
            0.9999999912579854,
            0.9999999888737996,
            0.9999999978144963,
            1.000000005364418,
            1.0000000051657358,
            1.0000000073512396,
            0.9999999984105428,
            1.0000000047683715,
            0.9999999972184499,
            0.9999999825159709,
            1.0000000152985256,
            0.9999999938408534,
            0.9999999984105428,
            0.9999999996026357,
            0.9999999978144963,
            0.9999999982118607,
            0.9999999952316284,
            0.9999999962250392,
            0.9999999940395355,
            0.9999999988079071,
            0.9999999932448069,
            0.9999999962250392,
            1.000000002582868,
            1.000000001390775,
            0.9999999827146531,
            1.0000000089406966,
            1.0000000029802323,
            0.999999994635582,
            1.0000000007947285
        ]
    }
}