{
    "average_losses": {
        "original": 1.6679330170651003e-07,
        "top_1_percent_deactivated_ko_MLP": 1.6679330170651003e-07,
        "random_deactivated": 1.6679330170651003e-07
    },
    "average_similarities": {
        "top_1_percent_vs_original_ko_MLP": [
            0.999999996026357,
            0.9999999910593033,
            0.9999999880790711,
            0.9999999972184499,
            0.9999999968210856,
            0.9999999994039536,
            0.9999999936421712,
            0.9999999954303106,
            0.9999999924500783,
            0.9999999888737996,
            0.9999999994039536,
            0.9999999954303106,
            1.000000005364418,
            0.9999999888737996,
            0.9999999870856603,
            0.9999999918540319,
            1.0000000003973644,
            1.0000000041723252,
            0.9999999793370565,
            0.9999999936421712,
            1.0000000041723252,
            0.9999999948342642,
            1.000000001390775,
            1.0000000023841857,
            0.9999999982118607,
            0.9999999932448069,
            1.000000017285347,
            1.0000000059604646,
            1.0000000089406966,
            0.9999999896685282,
            0.9999999936421712,
            1.0000000009934107,
            0.9999999916553497,
            1.00000000278155,
            0.9999999922513961,
            1.0000000003973644,
            0.9999999900658926
        ],
        "random_vs_original_ko_MLP": [
            0.999999996026357,
            0.9999999910593033,
            0.9999999880790711,
            0.9999999972184499,
            0.9999999968210856,
            0.9999999994039536,
            0.9999999936421712,
            0.9999999954303106,
            0.9999999924500783,
            0.9999999888737996,
            0.9999999994039536,
            0.9999999954303106,
            1.000000005364418,
            0.9999999888737996,
            0.9999999870856603,
            0.9999999918540319,
            1.0000000003973644,
            1.0000000041723252,
            0.9999999793370565,
            0.9999999936421712,
            1.0000000041723252,
            0.9999999948342642,
            1.000000001390775,
            1.0000000023841857,
            0.9999999982118607,
            0.9999999932448069,
            1.000000017285347,
            1.0000000059604646,
            1.0000000089406966,
            0.9999999896685282,
            0.9999999936421712,
            1.0000000009934107,
            0.9999999916553497,
            1.00000000278155,
            0.9999999922513961,
            1.0000000003973644,
            0.9999999900658926
        ]
    }
}