{
    "average_losses": {
        "original": 2.446580733855565,
        "top_1_percent_deactivated_ko_K": 2.446580733855565,
        "random_deactivated": 2.446580733855565
    },
    "average_similarities": {
        "top_1_percent_vs_original_ko_K": [
            0.999999996026357,
            0.9999999958276748,
            0.9999999932448069,
            0.999999990661939,
            0.9999999876817067,
            1.0000000009934107,
            0.9999999954303106,
            1.0000000043710073,
            0.9999999940395355,
            0.9999999972184499,
            0.9999999970197677,
            0.9999999998013178,
            1.0000000015894572,
            0.9999999918540319,
            0.999999986688296,
            0.9999999990065892,
            0.9999999944368998,
            0.9999999968210856,
            0.9999999839067459,
            0.9999999874830245,
            0.9999999994039536,
            0.9999999970197677,
            0.9999999926487605,
            0.9999999916553497,
            0.9999999928474427,
            0.999999994635582,
            1.0000000081459681,
            0.9999999994039536,
            1.000000009338061,
            1.0000000007947285,
            0.9999999924500783,
            0.9999999954303106,
            0.9999999878803889,
            1.0000000023841857,
            0.9999999890724818,
            0.9999999936421712,
            0.9999999974171321
        ],
        "random_vs_original_ko_K": [
            0.999999996026357,
            0.9999999958276748,
            0.9999999932448069,
            0.999999990661939,
            0.9999999876817067,
            1.0000000009934107,
            0.9999999954303106,
            1.0000000043710073,
            0.9999999940395355,
            0.9999999972184499,
            0.9999999970197677,
            0.9999999998013178,
            1.0000000015894572,
            0.9999999918540319,
            0.999999986688296,
            0.9999999990065892,
            0.9999999944368998,
            0.9999999968210856,
            0.9999999839067459,
            0.9999999874830245,
            0.9999999994039536,
            0.9999999970197677,
            0.9999999926487605,
            0.9999999916553497,
            0.9999999928474427,
            0.999999994635582,
            1.0000000081459681,
            0.9999999994039536,
            1.000000009338061,
            1.0000000007947285,
            0.9999999924500783,
            0.9999999954303106,
            0.9999999878803889,
            1.0000000023841857,
            0.9999999890724818,
            0.9999999936421712,
            0.9999999974171321
        ]
    }
}